[
  {
    "id": "bd772e73-404c-48c8-b3b1-3d7b269b3c5c",
    "data": [
      {
        "text": "soil",
        "userDefined": false
      }
    ],
    "isTemplate": false,
    "count": 0,
    "lang": "en",
    "updated": 0
  },
  {
    "id": "7861e4b5-ccb2-45c2-9a11-581036c923c1",
    "data": [
      {
        "text": "farming advice",
        "userDefined": false
      }
    ],
    "isTemplate": false,
    "count": 0,
    "lang": "en",
    "updated": 0
  },
  {
    "id": "af50eda1-dc6c-4606-812b-63b0156148ab",
    "data": [
      {
        "text": "guidance",
        "userDefined": false
      }
    ],
    "isTemplate": false,
    "count": 0,
    "lang": "en",
    "updated": 0
  },
  {
    "id": "ceb749a1-168a-4a57-9933-7bf7635c4b3f",
    "data": [
      {
        "text": "help",
        "userDefined": false
      }
    ],
    "isTemplate": false,
    "count": 0,
    "lang": "en",
    "updated": 0
  },
  {
    "id": "3417d1f4-ec6c-4e3a-811b-afb6f0127d9d",
    "data": [
      {
        "text": "suggestion",
        "userDefined": false
      }
    ],
    "isTemplate": false,
    "count": 0,
    "lang": "en",
    "updated": 0
  },
  {
    "id": "ec3496e7-9591-49f9-a5f1-c341ebdc5a5e",
    "data": [
      {
        "text": "advice",
        "userDefined": false
      }
    ],
    "isTemplate": false,
    "count": 0,
    "lang": "en",
    "updated": 0
  }
]