[
  {
    "id": "bb49e7c3-d647-4c8e-b4c0-7d18ff248519",
    "data": [
      {
        "text": "help getting a loan",
        "userDefined": false
      }
    ],
    "isTemplate": false,
    "count": 0,
    "lang": "en",
    "updated": 0
  },
  {
    "id": "3beeb4c0-51af-43fb-a4e7-0d090a58c973",
    "data": [
      {
        "text": "credit rating",
        "userDefined": false
      }
    ],
    "isTemplate": false,
    "count": 0,
    "lang": "en",
    "updated": 0
  },
  {
    "id": "ab750354-1164-4734-a110-e0f99552a6d6",
    "data": [
      {
        "text": "find a loan",
        "userDefined": false
      }
    ],
    "isTemplate": false,
    "count": 0,
    "lang": "en",
    "updated": 0
  },
  {
    "id": "5e281f42-cf94-4eaa-beb2-088dc6d19d48",
    "data": [
      {
        "text": "credit score",
        "userDefined": false
      }
    ],
    "isTemplate": false,
    "count": 0,
    "lang": "en",
    "updated": 0
  },
  {
    "id": "003ac47e-3770-4ee4-9d03-003afd145e83",
    "data": [
      {
        "text": "credit survey",
        "userDefined": false
      }
    ],
    "isTemplate": false,
    "count": 0,
    "lang": "en",
    "updated": 0
  },
  {
    "id": "7fe42185-cd5d-4d8a-8e46-0c09bebfd4d0",
    "data": [
      {
        "text": "I need money",
        "userDefined": false
      }
    ],
    "isTemplate": false,
    "count": 0,
    "lang": "en",
    "updated": 0
  },
  {
    "id": "afd9a1f1-2b58-4083-a418-ecddca3b2896",
    "data": [
      {
        "text": "help me get a loan",
        "userDefined": false
      }
    ],
    "isTemplate": false,
    "count": 0,
    "lang": "en",
    "updated": 0
  }
]